RecipeId,Name,AuthorId,AuthorName,CookTime,PrepTime,TotalTime,DatePublished,Description,Images,RecipeCategory,Keywords,RecipeIngredientQuantities,RecipeIngredientParts,AggregatedRating,ReviewCount,Calories,FatContent,SaturatedFatContent,CholesterolContent,SodiumContent,CarbohydrateContent,FiberContent,SugarContent,ProteinContent,RecipeServings,RecipeYield,RecipeInstructions
45,Buttermilk Pie With Gingersnap Crumb Crust,1580,tristitia,PT50M,PT30M,PT1H20M,1999-08-06T00:40:00Z,Make and share this Buttermilk Pie With Gingersnap Crumb Crust recipe from Food.com.,"""https://img.sndimg.com/food/image/upload/w_555,h_416,c_fit,fl_progressive,q_95/v1/img/recipes/45/pic79tPh5.jpg""",Pie,"c(""Dessert"", ""Healthy"", ""Weeknight"", ""Oven"", ""< 4 Hours"")","c(""3/4"", ""1"", ""1"", ""2"", ""3"", ""1/4"", ""1"", ""1/2"", ""1/2"", ""2"")","c(""sugar"", ""margarine"", ""egg"", ""flour"", ""salt"", ""buttermilk"", ""graham cracker crumbs"", ""margarine"")",4.0,3.0,228.0,7.1,1.7,24.5,281.8,37.5,0.5,24.7,4.2,8.0,,"c(""Preheat oven to 350°F."", ""Make pie crust, using 8 inch pie pan, do not bake."", ""Mix sugar and margarine in medium bowl until blended; beat in egg whites and egg."", ""Stir in flour, salt, and buttermilk until well blended."", ""Pour filling into prepared crust, bake 40 minutes or until sharp knife inserted near center comes out clean."", ""Sprinkle with nutmeg and serve warm or chilled."", ""Combine graham crumbs, gingersnap crumbs, and margarine in 8 or 9 inch pie pan, pat mixture evenly on bottom and side of pan."", 
""Bake 8 to 10 minutes or until edge of crust is lightly browned."", ""Cool on wire rack."")"
50,Biscotti Di Prato,1752,Bob Ross,PT50M,PT20M,PT1H10M,1999-08-31T21:19:00Z,Make and share this Biscotti Di Prato recipe from Food.com.,"""https://img.sndimg.com/food/image/upload/w_555,h_416,c_fit,fl_progressive,q_95/v1/img/recipes/50/picyuYoeC.jpg""",Dessert,"c(""Cookie & Brownie"", ""European"", ""Weeknight"", ""Oven"", ""< 4 Hours"")","c(""3 3/4"", ""2"", ""1"", ""1/4"", ""4"", ""1"", ""1/2"", ""1 2/3"", ""1"", ""1"")","c(""flour"", ""sugar"", ""baking powder"", ""salt"", ""eggs"", ""vanilla"", ""egg"", ""water"")",4.5,2.0,89.4,2.6,0.3,16.6,23.5,14.5,0.8,7.3,2.3,,56 biscotti,"c(""EGG WASH 1 Egg, large 1 tsp Water In the bowl of an electric mixer fitted with the paddle attachment blend the flour, the sugar, the baking powder, and the salt until the mixture is combined well."", ""In a small bowl, whisk together the whole eggs, the yolks, the vanilla and the almond extract, add the mixture to the flour mixture, beating until a dough is formed, and stir in the almonds."", ""Turn the dough out onto a lightly floured surface, knead it several times, and divide it into fourths."", 
""Working on 2 large buttered and floured baking sheets, with floured hands form each piece of dough into a flattish log 11 inches long and 2 inches wide, arrange the logs at least 3 inches apart on the sheets, and brush them with the egg wash."", ""Bake the logs in a preheated 350F oven for 35 minutes and let them cool on the baking sheets on racks for 10 minutes."", ""On a cutting board, cut the logs crosswise on the diagonal into 3/4\"" inch slices, arrange them the biscotti, cut sides down, on the baking sheets, and bake them in the 350F oven for 5 to 7 minutes on each side, or until they are pale golden."", 
""Transfer the biscotti to racks to cool and store them in airtight containers."")"
58,Low-Fat Burgundy Beef & Vegetable Stew,1533,Dancer,PT2H14M,PT30M,PT2H44M,1999-08-14T19:48:00Z,Make and share this Low-Fat Burgundy Beef & Vegetable Stew recipe from Food.com.,"c(""https://img.sndimg.com/food/image/upload/w_555,h_416,c_fit,fl_progressive,q_95/v1/img/recipes/58/picnE8qoe.jpg"", ""https://img.sndimg.com/food/image/upload/w_555,h_416,c_fit,fl_progressive,q_95/v1/img/recipes/58/picwiayaY.jpg"", ""https://img.sndimg.com/food/image/upload/w_555,h_416,c_fit,fl_progressive,q_95/v1/img/recipes/58/picAaGXgc.jpg"", ""https://img.sndimg.com/food/image/upload/w_555,h_416,c_fit,fl_progressive,q_95/v1/img/recipes/58/picD2ey4Z.jpg"", ""https://img.sndimg.com/food/image/upload/w_555,h_416,c_fit,fl_progressive,q_95/v1/img/recipes/58/picKtSTwb.jpg"", 
""https://img.sndimg.com/food/image/upload/w_555,h_416,c_fit,fl_progressive,q_95/v1/img/recipes/58/picY2Aqui.jpg"")",Stew,"c(""Vegetable"", ""Meat"", ""Low Cholesterol"", ""Healthy"", ""Free Of..."", ""Weeknight"", ""< 4 Hours"")","c(""1 1/2"", ""1"", ""1"", ""1/2"", ""1/2"", ""1"", ""1/2"", ""3"", ""5 1/2"", ""1"", ""2"", ""1"")","c(""beef eye round"", ""dried thyme leaves"", ""salt"", ""pepper"", ""ready-to-serve beef broth"", ""Burgundy wine"", ""garlic"", ""cornstarch"", ""frozen sugar snap peas"")",4.5,7.0,280.1,6.0,1.5,66.9,591.5,22.4,6.1,9.2,29.8,6.0,,"c(""Trim fat from beef, cut into 1-inch pieces."", ""In Dutch oven, heat oil over medium high hunt until hot. Add beef (half at a time) and brown evenly, stirring occasionally."", ""Pour off drippings."", ""Season with thyme, salt and pepper."", ""Stir in broth, wine and garlic. Bring to boil; reduce heat to low."", ""Cover tightly and simmer 1 1/2 hours."", ""Add carrots and onions."", ""Cover and continue cooking 35 to 40 minutes or until beef and vegetables are tender."", ""Bring beef stew to a boil over medium-high heat. Add cornstarch mixture; cook and stir 1 minute. Stir in sugar snap peas."", 
""Reduce heat to medium and cook 3 to 4 minutes or until peas are heated through."")"
63,Cabbage and Sausage Soup,1544,tranch,PT25M,PT15M,PT40M,1999-09-07T12:52:00Z,Make and share this Cabbage and Sausage Soup recipe from Food.com.,character(0),< 60 Mins,,"c(""2"", ""1 1/2"", ""2"", ""4"", ""1/4"", ""1/2"", ""1/4"", ""1/2"", ""1/2"", ""1 1/4"", ""6"", ""6"")","c(""olive oil"", ""Italian sausage"", ""garlic"", ""red pepper flakes"", ""salt"", ""black pepper"", ""sun-dried tomato"", ""white wine"", ""cabbage"")",5.0,4.0,586.1,38.7,12.3,71.9,2020.8,26.1,3.5,11.6,30.2,6.0,,"c(""In a medium stockpot or Dutch oven heat olive oil, over high heat, and saute sausage for 3 minutes."", ""Remove with a slotted spoon and set aside. Add onion, garlic, red pepper flakes, salt, pepper and sun dried tomatoes."", ""Reduce heat to medium high and saute until onions are soft, about 3 - 5 minutes."", ""Stir in the wine and cook 2 minutes."", ""Add cabbage, reserved sausage and chicken stock."", ""bring to a boil, reduce heat and simmer 15 minutes."", ""- - - - - - - - - - - - - - - - - - NOTES :    To serve, place a piece of garlic toast in the bottom of the bowl and ladle soup over top.""
)"
72,Brownie Pudding,193853,MirandaLee,PT35M,PT40M,PT1H15M,1999-08-20T09:50:00Z,Make and share this Brownie Pudding recipe from Food.com.,character(0),Dessert,"c(""Low Protein"", ""Healthy"", ""Weeknight"", ""Oven"", ""< 4 Hours"")","c(""1/2"", ""1/2"", ""1/2"", ""2"", ""1/4"", ""1/2"", ""1"", ""2"", ""1/2"", ""1/2"", ""1 3/4"")","c(""all-purpose flour"", ""granulated sugar"", ""baking powder"", ""salt"", ""milk"", ""vanilla"", ""butter"", ""brown sugar"", ""boiling water"")",5.0,10.0,182.8,5.9,3.6,7.8,160.2,34.0,2.1,25.3,2.3,10.0,,"c(""Preheat oven to 350 degrees."", ""Combine flour, granulated sugar, 1/4  cup cocoa,  baking powder and salt in a bowl."", ""Stir in milk, butter and vanilla  until  smooth."", ""Stir in chocolate chips."", ""Spread in ungreased shallow 1  1/2 quart  casserole.  Sprinkle brown sugar and 1/4 cup cocoa on top."", ""Place in oven, pour  boiling water over top."", ""Bake 35 minutes, cool 10 minutes before  serving."", ""Serve with ice cream if desired."")"
78,Buttermilk Ranch Dressing,1582,Diana van den Broek,,PT20M,PT20M,1999-08-18T04:20:00Z,Make and share this Buttermilk Ranch Dressing recipe from Food.com.,character(0),Free Of...,"""< 30 Mins""","c(""1"", ""3"", ""3/4"", ""1/2"", ""2"", ""1"", ""1"", NA)","c(""garlic"", ""salt"", ""buttermilk"", ""sour cream"", ""lime juice"", ""parsley"", ""chives"")",3.5,2.0,267.2,20.6,12.8,46.4,577.9,14.1,0.3,7.7,8.2,,1 1/4 cups,"c(""Mash together garlic and salt to form a paste.  Remove to a small bowl."", ""Whisk in buttermilk sour cream, lime juice, parsley, chives, and salt and pepper."", ""Taste  and adjust seasonings."", ""Use immediately or cover and refrigerate."")"
86,Butter Dips,1559,Will Parkinson,PT20M,PT1H5M,PT1H25M,1999-09-15T03:40:00Z,Make and share this Butter Dips recipe from Food.com.,character(0),Breads,"c(""High In..."", ""Weeknight"", ""Oven"", ""< 4 Hours"")","c(""1/2"", ""2 1/4"", ""1"", ""3 1/2"", ""3/4"", ""1"")","c(""butter"", ""flour"", ""sugar"", ""baking powder"", ""salt"", ""milk"")",5.0,4.0,64.1,3.2,2.0,8.7,118.6,7.6,0.2,0.4,1.2,,32 Butter dips,"c(""Heat oven to 450."", ""Melt butter in oven oblong 13 x 9 1/2 x 3 inch pan."", ""Remove when butter is melted."", ""Sift dry ingredients into bowl."", ""Add milk."", ""Stir slowly with a fork until dough just clings together."", ""Knead lightly about 10 times."", ""Roll out 1/2 inch thick into rectangular 12 x 8 inch pan."", ""Cut in half lengthwise, then crosswise into 16 strips."", ""Dip each strip on both sides in melted butter."", ""Place close together in two rows."", ""Bake 15-20 minutes until golden brown."", 
""Serve piping hot."")"
91,Brown Rice and Vegetable Pilaf,1576,Robb Dabbs,PT2H,PT30M,PT2H30M,1999-09-06T04:30:00Z,Make and share this Brown Rice and Vegetable Pilaf recipe from Food.com.,character(0),Brown Rice,"c(""Rice"", ""Vegetable"", ""Weeknight"", ""< 4 Hours"")","c(""1 1/2"", ""3"", ""3"", ""1/2"", ""1/2"", ""1/2"", ""5"", ""1"", ""1"", ""1"", ""1"", ""1 1/2"", ""2"", ""3/4"")","c(""brown rice"", ""chicken broth"", ""unsalted butter"", ""oregano"", ""marjoram"", ""summer savory"", ""unsalted butter"", ""celery"", ""fresh snow pea"", ""broccoli floret"", ""green onion"", ""lemons"", ""coconut"")",5.0,8.0,412.6,24.4,16.3,40.7,410.7,42.1,4.4,2.7,8.1,6.0,,"c(""Preheat oven to 325 degrees F."", ""Heat chicken broth to boiling."", ""Combine broth   with brown rice, butter, oregano, marjoram, and summery  savory in 3 quart  casserole and bake, covered, for 1-1/2 hours or until  rice is tender."", ""Keep  hot.   Melt butter in large skillet or dutch oven."", ""Add celery, snow peas,  broccoli, green onion, and ginger and stir fry until crisp-tender."", ""Add  vegetables, lemon rind, and toasted coconut to rice.  Toss lightly  to combine.  Adjust seasonings."")"
101,Braised Chicken with Onions and Tomatoes,1533,Dancer,PT42M,PT20M,PT1H2M,1999-08-09T04:09:00Z,Make and share this Braised Chicken with Onions and Tomatoes recipe from Food.com.,character(0),Chicken Breast,"c(""Chicken Thigh & Leg"", ""Chicken"", ""Poultry"", ""Meat"", ""Free Of..."", ""Weeknight"", ""< 4 Hours"")","c(""3"", ""4"", ""1"", ""8"", ""2 -3"", ""5"", ""3 -4"", ""2"", ""5 -6"", ""6 -8"", ""2"", ""3"", ""2"", ""1"", ""1/4"", ""1/2"", ""1/4"", ""1"", NA, ""8 -10"")","c(""onions"", ""gingerroot"", ""garlic"", ""green serrano chilies"", ""tomatoes"", ""black cardamom pods"", ""cinnamon sticks"", ""cloves"", ""black peppercorns"", ""bay leaves"", ""cumin"", ""cayenne pepper"", ""turmeric"", ""plain yogurt"", ""dark rum"", ""salt"", ""cilantro"", ""chicken pieces"")",,,184.2,8.4,1.4,2.6,413.1,20.9,3.9,10.1,3.9,,6,"c(""Heat oil in large saucepan over high heat. Add onions and sauti 2 minutes."", ""Stir in ginger, garlic and chiles."", ""Add chicken pieces and brown lightly."", ""Add tomatoes and remaining spices, yogurt, rum and salt. Reduce heat to low and braise 40 minutes until chicken is cooked through."", ""Serve with cilantro and rice. With leftovers."", ""Freezes well."")"
106,Cajun Beef Burgers,1533,Dancer,PT50M,PT40M,PT1H30M,1999-08-13T13:44:00Z,Make and share this Cajun Beef Burgers recipe from Food.com.,character(0),Meat,"c(""Cajun"", ""Weeknight"", ""< 4 Hours"")","c(""1"", ""1/4"", ""1/8"", ""1"", ""4"", ""2 -4"", ""2"", ""1"", ""1/2"", ""1"", ""1/2"")","c(""beef"", ""black pepper"", ""fresh parsley"", ""Spanish onion"", ""salt"", ""cajun-style stewed tomatoes"", ""dried thyme leaves"")",,,1012.8,88.5,34.8,112.4,1000.0,38.5,3.4,4.3,15.9,4.0,,"c(""To make sauce: In large saucepan, heat oil over medium heat until hot. Add onion and salt; cook and stir over low heat 10 minutes."", ""Add tomatoes and thyme; bring  to a broil."", ""Reduce heat; simmer 8 to 10 minutes or until sauce thickens  slightly."", ""Meanwhile shape ground beef into four 1/2-inch thick patties."", ""Sprinkle both sides of patties with black pepper and red pepper; brush lightly with 1  teaspoon oil."", ""Heat large heavy nonstick skillet over medium heat 5 minutes."", ""Place patties in skillet; panbroil 10 to 12 minutes or until centers are no  longer pink, turning once. Spoon approx."", 
""1/2 of sauce onto bottom halves or  rolls; top with patties."", ""Spoon remaining sauce over patties; sprinkle with  parsley."", ""Close with roll tops."", ""Serve immediately."", ""Makes 4 servings (serving size: 1 sandwich). Tip: Mexican-style stewed tomatoes may be substituted for Cajun-style. To grill, place patties on grid over medium, ash-covered coals."", ""Grill uncovered, 11 to 13 minutes or until centers are no longer pink, turning once."")"
116,Blueberry Scones,1531,Mimi Hiller,PT22M,PT55M,PT1H17M,1999-08-18T04:30:00Z,Make and share this Blueberry Scones recipe from Food.com.,"c(""https://img.sndimg.com/food/image/upload/w_555,h_416,c_fit,fl_progressive,q_95/v1/img/recipes/11/6/3VsX300jTOOiZyIg6oV2_blueberry-scones-3.jpg"", ""https://img.sndimg.com/food/image/upload/w_555,h_416,c_fit,fl_progressive,q_95/v1/img/recipes/11/6/Pdw8MwSBSeSeIjtGzdEn_IMG_3687.JPG"", ""https://img.sndimg.com/food/image/upload/w_555,h_416,c_fit,fl_progressive,q_95/v1/img/recipes/11/6/29KUHClS4CNI0qz1BanJ_FB6A1B91-56B2-442D-B7CE-0DC70CA05C81.jpeg"", ""https://img.sndimg.com/food/image/upload/v1/img/feed/116/YO6JtCb3TemvhHvh9bi5_image.jpg"", 
""https://img.sndimg.com/food/image/upload/w_555,h_416,c_fit,fl_progressive,q_95/v1/img/recipes/11/6/a7WQtWyRf6AkQ7YGBZoR_DSC_1135.JPG"", ""https://img.sndimg.com/food/image/upload/w_555,h_416,c_fit,fl_progressive,q_95/v1/img/recipes/11/6/7qrKeQQh263RVQAjQRsg_image.jpg"", ""https://img.sndimg.com/food/image/upload/w_555,h_416,c_fit,fl_progressive,q_95/v1/img/recipes/11/6/01496581463.jpeg"", ""https://img.sndimg.com/food/image/upload/w_555,h_416,c_fit,fl_progressive,q_95/v1/img/recipes/11/6/QbZXDx15QvmTEZcJFsDJ_blueberry-scones-4.jpg"", 
""https://img.sndimg.com/food/image/upload/w_555,h_416,c_fit,fl_progressive,q_95/v1/img/recipes/11/6/L1y2uQxRc23Shd4MqRhn_blueberry-scones-2.jpg"", ""https://img.sndimg.com/food/image/upload/w_555,h_416,c_fit,fl_progressive,q_95/v1/img/recipes/11/6/picxvhWQW.jpg"", ""https://img.sndimg.com/food/image/upload/w_555,h_416,c_fit,fl_progressive,q_95/v1/img/recipes/11/6/picI1PiFQ.jpg"", ""https://img.sndimg.com/food/image/upload/w_555,h_416,c_fit,fl_progressive,q_95/v1/img/recipes/11/6/picq9Ryom.jpg"")",Scones,"c(""Quick Breads"", ""Breads"", ""Berries"", ""Fruit"", ""Sweet"", ""Weeknight"", ""Oven"", ""< 4 Hours"")","c(""2"", ""3"", ""1"", ""3/4"", ""6"", ""1 1/2"", ""1"", ""1/3"", ""2"")","c(""all-purpose flour"", ""sugar"", ""baking powder"", ""salt"", ""unsalted butter"", ""fresh blueberries"", ""lemon, zest of"", ""heavy cream"", ""eggs"")",5.0,38.0,277.3,13.9,8.2,83.0,377.8,33.4,1.5,7.6,5.3,8.0,,"c(""Adjust rack to center of oven, and heat to 400 degrees."", ""Place a Silpat baking mat on a baking sheet, and set aside. In a large bowl, sift together flour, 3 tablespoons sugar, baking powder, and salt. Using a pastry blender, or two knives, cut in butter until the largest pieces are the size of small peas."", ""Stir in blueberries and zest. Using a fork, whisk together cream and egg in a liquid measuring cup."", ""Make a well in the center of dry ingredients and pour in cream mixture. Stir lightly with fork just until dough comes together."", 
""Turn out onto a lightly floured surface, and knead a few times to mix well."", ""Pat dough into a 6-inch square about 1 1/4 inches thick."", ""Using a floured knife, cut into four 3-inch squares."", ""Cut squares in half on the diagonal to form eight triangles."", ""Transfer to prepared baking sheet. Brush tops with cream and sprinkle with sugar."", ""Bake until golden brown, 20 to 22 minutes."", ""Transfer scones from baking sheet to wire racks to cool."")"
121,Lamb and Pork Cassoulet,1590,j godsey,PT1H,PT15M,PT1H15M,1999-09-20T06:48:00Z,Make and share this Lamb and Pork Cassoulet recipe from Food.com.,character(0),Lamb/Sheep,"c(""Pork"", ""Meat"", ""European"", ""Weeknight"", ""Roast"", ""Oven"", ""< 4 Hours"")","c(""1"", ""1"", ""1"", ""1"", ""1/2"", ""1/4"", ""1"", ""1"", ""1"", ""1"")","c(""cannellini beans"", ""ketchup"", ""chili powder"", ""thyme"", ""water"", ""bacon bits"", ""lamb chop"", ""onion"")",,,584.9,30.3,9.9,104.7,838.4,36.7,12.4,7.2,40.5,2.0,,"c(""Saute onion and garlic in oil."", ""Add lamb and pork."", ""Saute 5 minutes until cooked  though."", ""Combine everything in a small deep oven safe dish."", ""Bake uncovered 350   30 minutes."", ""HINTS: for those who like more beans & less meat Add another can of beans & half as much meat. Just use a tad more water."", ""If you liked it or hated it please let me know -- ."")"
129,Champagne Punch,1592,polar-express,,PT5M,PT5M,1999-08-21T11:22:00Z,Here is a good punch recipe for any special occasion.  We serve this every year for Christmas Eve.  It is always a big hit.,"""https://img.sndimg.com/food/image/upload/w_555,h_416,c_fit,fl_progressive,q_95/v1/img/recipes/12/9/picI35rA2.jpg""",Punch Beverage,"c(""Beverages"", ""Low Protein"", ""Low Cholesterol"", ""Healthy"", ""Free Of..."", ""Christmas"", ""< 15 Mins"", ""For Large Groups"", ""Easy"")","c(""1"", ""1"", ""1"", ""1"", ""1"")","c(""frozen limeade concentrate"", ""ginger ale"")",5.0,30.0,236.8,0.2,0.0,0.0,14.2,41.6,0.2,38.1,0.6,20.0,,"c(""Mix the juice concentrates in punch bowl (do not add water)."", ""Stir in the Gingerale then add the Champagne (do not stir after adding the champagne!)"", ""** Note ** The large bottles of Gingerale and Champagne should be equal volumes (I use 2 L.  bottles)."")"
135,Cherry Sandwich Maker Snack,1593,Traci Evans,,PT30M,PT30M,1999-09-02T18:31:00Z,Make and share this Cherry Sandwich Maker Snack recipe from Food.com.,character(0),Lunch/Snacks,"c(""Low Protein"", ""Low Cholesterol"", ""Healthy"", ""< 30 Mins"", ""Easy"")","c(""2"", ""1"", NA)","""powdered sugar""",5.0,5.0,73.3,0.8,0.2,0.0,171.3,14.3,0.6,1.1,1.9,,2 triangular,"c(""Spread a thin layer between buttered bread and place in sandwich maiker."", ""Note: do not add too much filling or it will make one terrible mess in sandwich maker."", ""Let brown."", ""Remove from sandwich maker and sprinkle with powdered sugar."", ""Makes two triangular tarts."", ""My kids love them."")"
145,Caramel Sultana Square,1543,Doreen Randal,PT30M,PT20M,PT50M,1999-08-25T05:13:00Z,Make and share this Caramel Sultana Square recipe from Food.com.,character(0),Dessert,"c(""< 60 Mins"", ""Oven"")","c(""125"", ""125"", ""1"", ""1 1/2"", ""2"", ""1"", NA, ""90"", ""7"", ""2"", ""1/4"")","c(""butter"", ""sugar"", ""egg"", ""flour"", ""baking powder"", ""sultana"", ""butter"", ""golden syrup"", ""sugar"")",,,3770.5,198.6,123.2,742.8,1963.4,468.4,5.1,302.6,44.2,,1 cake,"c(""Cream butter and sugar, add egg then dry ingredients."", ""Divide shortcake in two."", ""Press one half in tin."", ""Melt together and pour over base.  Sprinkle with sultanas and cover with remaining mixture.  Bake in a moderate oven 20 - 30 minutes."")"
150,All-Purpose Crock Pot Chicken,1536,Hilary,PT8H40M,PT20M,PT9H,1999-08-10T19:18:00Z,"I discovered this one a few weeks ago. I started out trying to make chicken and  rice and ended up with this.

It is very tender and very good.  An excellent  make-ahead dish for summer.  All the work is done before the crock pot is even  warm.

This is excellent for fajitas, pasta salads,  chicken salad, soup, added to beans and rice, just laying on bread for chicken  sandwiches, or just eating cold.",character(0),Whole Chicken,"c(""Chicken"", ""Poultry"", ""Meat"", ""Very Low Carbs"", ""Weeknight"")","c(""1"", NA, NA, ""1"", NA, NA, NA, NA, NA, NA)","c(""chicken"", ""lemon pepper"", ""salt"", ""bell pepper"", ""celery"", ""carrot"", ""green onion"", ""garlic"", ""water"")",5.0,12.0,247.2,17.3,5.0,86.2,99.9,0.0,0.0,0.0,21.4,8.0,,"c(""If using thigh portions or a cut up fryer, etc, remove all skin and as much fat  as possible. I boil the skins with garlic for the dog."", ""There is no need to bone  the chicken."", ""Put about 1/4 inch water in the slow cooker."", ""Rinse the chicken  well, getting into the crevices, and sprinkle with the Cajun seasoning on both  sides."", ""Go easy at first; this is NOT low-salt and it tends to be a little spicy."", ""I start immediately placing the chicken in the slow cooker."", ""I rinse one piece,  season both sides, and layer it in the pot. When you are done seasoning all the  chicken (I generally do 2-3 lbs in a batch; less is not worth the time), cover  the pot and let the chicken stand for 30 minutes."", 
""At the end of that time, cover the chicken fully with water (don't skimp) and set the cooker on \""Low.\"" Cooking time is up to you."", ""A minimum of 8-10 hours is what I recommend.  I  usually set the chicken cooking in an afternoon, and let it cook overnight.  Often it will cook for 12-24 hours."", ""This is an excellent dish for those of us  who never learned to properly debone a chicken ;) At the end of the cooking  time, merely pull out the chicken pieces and separate the bones from the meat.  It will literally fall apart. Save the broth for adding to mashed potatoes,  gravy, rice or soup."", 
""You will have a good deal of chicken here. Separate into  smaller portions and freeze."")"
158,Chicken Flambe,1533,Dancer,PT35M,PT35M,PT1H10M,1999-08-14T06:11:00Z,Make and share this Chicken Flambe recipe from Food.com.,character(0),Chicken Breast,"c(""Chicken"", ""Poultry"", ""Meat"", ""Weeknight"", ""Oven"", ""< 4 Hours"")","c(""1"", NA, ""2"", ""1/2"", ""2"", ""1/3"", ""1"", ""2"", ""4"", ""2"")","c(""boneless skinless chicken breast"", ""onion"", ""portabella mushroom caps"", ""dry white wine"", ""butter"", ""margarine"", ""flour"")",,,304.6,14.6,4.5,88.0,158.6,6.6,0.8,2.2,25.6,4.0,,"c(""Preheat oven to  350  F."", ""Lightly season the chicken breasts with salt and pepper."", ""In a large skillet over medium heat, brown chicken breasts on both sides."", ""Add onions and mushrooms and stir cook until the onions soften."", ""Transfer mixture to a shallow casserole dish and bake, uncovered, for 15 minutes."", ""In a small sauce pan warm the orange liqueur over low heat (should be lukewarm, not hot). Take the casserole out of the oven."", ""Pour the liqueur over the chicken and vegetables and ignite it. When the flames die out, add the wine and return the casserole to the oven for another 15 minutes or until chicken breasts are no longer pink inside. Remove the casserole from the oven."", 
""Arrange the chicken and vegetables on a warm platter and keep hot. Mix butter and flour to make a paste. Stir this into the pan juices, add cream and simmer over low heat for 5 minutes until thickened."", ""Pour sauce over chicken."", ""Serve with wild rice and vegetables."")"
163,Chicken Liver Pate,1599,Mays Pearls of Wisd,PT3H,PT35M,PT3H35M,1999-08-11T05:12:00Z,Make and share this Chicken Liver Pate recipe from Food.com.,character(0),Chicken Livers,"c(""Chicken"", ""Beef Organ Meats"", ""Beef Liver"", ""Poultry"", ""Meat"", ""European"", ""Very Low Carbs"", ""Free Of..."", ""Weeknight"", ""< 4 Hours"")","c(""1/2"", ""4"", ""1/2"", ""1"", ""2"", ""2"", ""1/2"", ""1/2"", ""1"")","c(""butter"", ""cream cheese"", ""chicken liver"", ""onion"", ""chicken broth"", ""brandy"", ""paprika"", ""salt"", ""cayenne pepper"")",,,201.2,17.9,10.9,144.2,301.2,1.9,0.2,0.7,6.2,8.0,,"c(""Bring liver, onions, chicken broth, brandy to boil."", ""Cook 5 min."", ""Put in  blender."", ""Add paprika, salt and cayenne pepper."", ""Blend on high."", ""Add butter and cream cheese. Pour in a mold or container."", ""Let stand covered in refrigerator until  firm about 3 hours."", ""Serve with crackers or party rye.                    - - - - - - - - - - - - - - - - - -"")"
171,Chicken on Sunday  (Or Whenever),1548,Peggy Benisch,PT2H,PT35M,PT2H35M,1999-08-28T00:27:00Z,Make and share this Chicken on Sunday  (Or Whenever) recipe from Food.com.,character(0),Whole Chicken,"c(""Chicken"", ""White Rice"", ""Poultry"", ""Rice"", ""Meat"", ""Weeknight"", ""Oven"", ""< 4 Hours"")","c(""1"", ""1"", ""1"", ""1 1/2"", ""1"", NA, NA, NA)","c(""Minute Rice"", ""milk"", ""chicken parts"", ""seasoning salt"", ""pepper"", ""curry"")",4.0,1.0,951.2,31.8,9.5,129.1,769.2,118.7,2.8,1.5,42.4,6.0,,"c(""Grease large 9x13-inch pan."", ""Heat soups and milk together in a large saucepan."", ""Stir in Minute Rice (you want the mixture to be rather juicy). Pour into 9x13-inch pan."", ""Place chicken part on top and then sprinkle with seasoning salt, pepper and curry lightly."", ""Cover all with foil."", ""Bake at 325°F for 2 hours and 15 minutes."", ""I have baked this on a higher temp with less baking time but, you have to watch that you don't make the rice get hard and crusty by doing so."")"
176,Cola Cake,1613,george nuckols,PT35M,PT20M,PT55M,1999-08-22T04:41:00Z,Make and share this Cola Cake recipe from Food.com.,character(0),Dessert,"c(""< 60 Mins"", ""Oven"")","c(""2"", ""1 3/4"", ""3"", ""1"", ""1/2"", ""1"", ""1"", ""1"", ""2"", ""1 1/2"")","c(""flour"", ""white sugar"", ""baking soda"", ""buttermilk"", ""butter"", ""margarine"", ""vanilla"", ""eggs"", ""miniature marshmallows"")",5.0,1.0,560.7,24.9,15.1,108.1,403.6,80.2,1.2,52.8,6.1,8.0,,"c(""Beat all but eggs and marshmallows for two minutes."", ""Add eggs and beat two minutes more.  Stir in marshmallows."", ""Bake in 9 X 13 pan for 35 minutes."", ""FROSTING: 1/2 cup butter or margarine  3 tablespoon cocoa 1 pound powdered sugar 1/3 cup Coke or Pepsi 1 cup chopped nuts Mix butter, cocoa, sugar and Coke well together and add chopped nuts."", ""Pour over hot cake."")"
185,Cola Fruit and Date Loaf,125579,GrandmaIsCooking,PT1H,PT50M,PT1H50M,1999-08-23T12:41:00Z,"--Adopted Recipe--  The original submitter says that this fruity loaf showed up in Coke and Seven-Up cookbooks. The recipe was adapted  from &quot;Cooking With Coke&quot; - a publication of the Coca Cola Company.  Be sure to make a day ahead of time, because it is best the next day.","""https://img.sndimg.com/food/image/upload/w_555,h_416,c_fit,fl_progressive,q_95/v1/img/recipes/18/5/picgrPBKe.jpg""",Quick Breads,"c(""Breads"", ""Fruit"", ""Low Cholesterol"", ""Healthy"", ""Weeknight"", ""Oven"", ""< 4 Hours"")","c(""1"", ""1 1/4"", ""1"", ""2"", ""2"", ""1"", ""1"", ""1"", ""1"", ""1"", ""1"", ""1/2"")","c(""dates"", ""brown sugar"", ""flour"", ""baking soda"", ""baking powder"", ""cinnamon"", ""lemon rind"", ""egg"", ""vanilla extract"", ""pecans"")",5.0,3.0,267.0,6.2,0.7,17.6,150.0,51.4,2.6,32.2,3.6,12.0,,"c(""Preheat oven to 350 Fahrenheit."", ""Generously grease a 9 by 5 inch loaf pan."", ""Chop dates."", ""Heat cola to boiling.  Remove from heat and stir in dates, mixing very well."", ""Stir in sugar and oil.  Cool while preparing other ingredients."", ""Stir dry ingredients together and add to cola mixture.  Stir in egg, extract and nuts."", ""Spoon batter into pan.  Bake about 1 hour until cake tests done.  Cool on a rack for 20 minutes then remove from pan and wrap."", ""Store overnight before slicing."")"
191,Chilies Corn Muffins,1530,Carole Reu,PT25M,PT35M,PT1H,1999-09-06T04:52:00Z,Make and share this Chilies Corn Muffins recipe from Food.com.,character(0),Quick Breads,"c(""Breads"", ""Peppers"", ""Vegetable"", ""< 60 Mins"", ""Oven"")","c(""1 1/2"", ""1/2"", ""1/4"", ""1/4"", ""3"", ""1/4"", ""1/2"", ""1/4"", ""1"", ""4"")","c(""all-purpose flour"", ""cornmeal"", ""sugar"", ""brown sugar"", ""baking powder"", ""salt"", ""skim milk"", ""soymilk"", ""egg"", ""green chilies"")",5.0,7.0,163.6,5.3,0.8,17.8,155.6,26.2,0.9,9.2,3.1,12.0,,"c(""Preheat oven to 400."", ""Spray a standard muffin pan with cooking spray."", ""In medium bowl, whisk flour, cornmeal, both sugars, baking powder and salt.  In medium  bowl, mix remaining ingredients."", ""Make well in dry ingredients."", ""Add milk  mixture and stir until just blended."", ""Divide batter among prepared muffin cups."", ""Bake 15 to 20 minutes, or until top springs back when lightly pressed."", ""Let cool in pan 5 minutes, them loosen edges and turn out on rack and cool completely."")"
199,Citrus Glazed Barbecued Pork Loin,39547,Julesong,PT35M,PT15M,PT50M,1999-08-07T16:33:00Z,Make and share this Citrus Glazed Barbecued Pork Loin recipe from Food.com.,"""https://img.sndimg.com/food/image/upload/w_555,h_416,c_fit,fl_progressive,q_95/v1/img/recipes/19/9/picyeMlI7.jpg""",Pork,"c(""Meat"", ""Free Of..."", ""< 60 Mins"", ""Oven"")","c(""2"", ""1"", ""4"", ""1"", ""1"", ""1"", ""2"", ""2"", ""2"", ""6"", ""2"", NA, ""3"", ""4"", ""2"", ""2"")","c(""canola oil"", ""onion"", ""garlic"", ""chipotle pepper"", ""arbol chile"", ""cracked black pepper"", ""Worcestershire sauce"", ""barbecue sauce"", ""lemons"", ""kosher salt"", ""olive oil"", ""kosher salt"", ""cracked black pepper"")",5.0,5.0,835.8,50.8,13.1,136.1,3187.2,47.0,2.6,30.9,46.7,6.0,,"c(""Preheat oven to 350 degrees."", ""In a small saucepot add canola oil and saute onions and garlic until translucent."", ""Add chipotle and arbol chilies and continue to cook until chiles start to toast."", ""Add cracked black pepper and deglaze with Worcestershire sauce and orange juice; reduce until starts to thicken."", ""Then add in your favorite barbecue sauce, reduce to low heat, and simmer for about 15 minutes."", ""Season with hot sauce, lemon juice and to taste with salt.  Strain barbecue sauce and set aside."", 
""On a large sheet pan rub the pork loin with olive oil and season with salt and cracked pepper."", ""Roast in a 350 degree oven (basting with the citrus glaze about every 15 minutes) until the internal temperature is about 140 degrees."", ""Remove from oven and let meat set for about 5 minutes, slice, and enjoy!"")"
205,Cinnamon Curry Rice,1606,kai8710,,PT15M,PT15M,1999-09-15T04:05:00Z,Make and share this Cinnamon Curry Rice recipe from Food.com.,character(0),Rice,"""< 15 Mins""","c(""250"", ""2"", ""2"", ""1"", ""1"", ""2"", ""2"", ""3"", ""4"", ""4"", ""2"", NA, ""310"", ""15"")","c(""onions"", ""potatoes"", ""carrot"", ""apple"", ""curry powder"", ""flour"", ""garlic"", ""water"", ""butter"", ""rice"", ""cinnamon"")",5.0,1.0,3892.1,94.2,39.2,269.6,630.4,647.4,42.6,39.6,110.7,,1 batch,"c(""Bring cinnamon to boil in 2 cups water, simmer covered until reduced to 1 cup;  strain, discard pulp, reserve broth."", ""Cook enough rice for 5 persons."", ""Heat butter in a wok, add flour and stir well to mix and thicken; then add curry powder and  stir well to mix; then add a little stock or water and mix well; return to boil, add carrot, potatoes, and apple, cover, simmer on low heat."", ""In a separate wok or pan, stir-fry sliced pork quickly in a little oil along with garlic."", ""Remove and  reserve. When carrots and potatoes are almost done, add cinnamon broth, pork and onions to the pot, return to boil, simmer for a few minutes, then serve over  rice.""
)"
213,Chocolatey Raisin Chip Cookies,1533,Dancer,PT12M,PT45M,PT57M,1999-08-06T00:40:00Z,Make and share this Chocolatey Raisin Chip Cookies recipe from Food.com.,character(0),Drop Cookies,"c(""Dessert"", ""Cookie & Brownie"", ""< 60 Mins"", ""Oven"")","c(""1"", ""1/2"", ""1/2"", ""2"", ""3"", ""1/4"", ""2 1/4"", ""1/4"", ""1"", ""3"", ""4"", ""1 1/2"", ""1/2"")","c(""brown sugar"", ""sugar"", ""canola oil"", ""vanilla"", ""water"", ""flour"", ""baking soda"", ""raisins"", ""walnuts"")",4.0,1.0,83.5,3.1,0.6,0.1,28.2,13.5,0.5,8.7,1.2,,60 cookies,"c(""Preheat oven to 375F."", ""Combine sugars and oil; mix thoroughly."", ""Add vanilla and egg whites; beat well."", ""Stir in water."", ""In separate bowl, combine flour, milk, baking soda, and cocoa powder; add to wet ingredients."", ""Stir in chocolate chips, raisins, and nuts."", ""Drop by heaping teaspoon onto lightly oiled cookie sheets."", ""Bake 10 to 12 minutes."", ""Remove from sheets immediately; cool on racks."", ""Makes about 60 cookies."")"
218,Chocolate Chip Cookie Pizza,1545,Nancy Van Ess,,PT40M,PT40M,1999-08-11T04:49:00Z,Make and share this Chocolate Chip Cookie Pizza recipe from Food.com.,character(0),Dessert,"c(""Cookie & Brownie"", ""Kid Friendly"", ""< 60 Mins"", ""Oven"", ""Easy"")","c(""1"", ""1/2"", ""1/4"", ""2"", ""2"")","c(""peanuts"", ""coconut"")",,,264.2,11.2,4.3,10.8,96.6,38.9,1.2,9.4,2.6,12.0,,"c(""Preheat oven to 350 degrees Fahrenheit."", ""Coat a nonstick 12\"" pizza pan with non-stick cooking  spray."", ""Spread cookie dough out evenly in prepared pan, pressing with fingers to  flatten."", ""Bake for 17 minutes or until cookie dough is lightly browned."", ""Let cookie pizza cool completely in pizza pan on a wire rack."", ""To decorate:"", ""Spread raspberry preserves evenly over cookie pizza to within 1\"" of edge."", ""Sprinkle chocolate candy, peanuts and coconut evenly over the preserves."", ""Cut into 12 pizza-shaped  slices.""
)"
226,Chocolate Chunk and Walnut Brownies,174711,Queen Dragon Mom,PT6H50M,PT1H,PT7H50M,1999-08-08T01:38:00Z,Make and share this Chocolate Chunk and Walnut Brownies recipe from Food.com.,character(0),Bar Cookie,"c(""Dessert"", ""Cookie & Brownie"", ""Fruit"", ""Nuts"", ""Kid Friendly"", ""Weeknight"", ""For Large Groups"", ""Oven"")","c(""1 1/4"", ""1/4"", ""1/8"", ""14"", ""1"", ""9"", ""1/4"", ""1/4"", ""3"", ""1"", ""1 1/2"", ""9"")","c(""all-purpose flour"", ""baking soda"", ""salt"", ""granulated sugar"", ""unsalted butter"", ""light corn syrup"", ""water"", ""eggs"", ""vanilla extract"", ""walnuts"")",4.0,3.0,247.2,18.6,8.9,34.7,41.4,22.2,3.5,9.7,4.8,24.0,,"c(""Preheat oven to 325 degrees Fahrenheit."", ""Line a 13 by 9-1/2 inch baking pan with two layers of aluminum foil, allowing an overhang on each end. Grease the foil with butter."", ""Stir together the flour, baking soda, baking powder and salt."", ""Place the chopped semi-sweet chocolate in a larger bowl."", ""In a saucepan, heat the granulated sugar, unsalted butter, corn syrup and water until the butter melts and the sugar is dissolved."", ""Remove the pan from the heat once it reaches a boil."", ""Pour the hot syrup over the semi-sweet chocolate, allowing it to stand momentarily. Stir until smooth."", 
""Whisk the eggs in one at  a time."", ""Whisk in the vanilla and the flour mixture until smooth."", ""Fold in the walnuts and the chopped Swiss chocolate."", ""Scrape the batter into the prepared pan."", ""Bake for 50 minutes to 1 hour, or until a cake tester comes out clean."", ""Cool the brownies in the pan on a wire rack for at least 6 hours."", ""Carefully invert the brownies onto a large cutting board or platter and peel off the foil."", ""Invert the brownies again and cut into 24 squares."")"
231,Chocolate Cream Puffs,1530,Carole Reu,PT55M,PT1H15M,PT2H10M,1999-08-22T04:46:00Z,Make and share this Chocolate Cream Puffs recipe from Food.com.,character(0),Dessert,"c(""Weeknight"", ""Oven"", ""< 4 Hours"")","c(""1"", ""1/2"", ""2"", ""1/4"", ""1"", ""1"", ""5"", ""1"")","c(""water"", ""unsalted butter"", ""sugar"", ""salt"", ""flour"", ""eggs"", ""ice cream"")",5.0,3.0,235.8,14.7,8.6,117.2,115.2,20.9,0.7,11.6,5.4,12.0,,"c(""Combine water, butter, sugar and salt in a medium size saucepan."", ""Place over  medium low heat to melt butter."", ""Add flour and cocoa powder all at once; stir  vigorously until mixture pulls away from side of pan."", ""Remove from heat. Heat  oven to 400."", ""Lightly coat baking sheet with cooking spray."", ""With the saucepan  off heat, add eggs one at a time, to batter in saucepan, beating well after each addition."", ""With a 1/4 cup drop mixture onto baking sheet, spacing 2\"" apart. Bake for 40 minutes until puffed and firm."", 
""Cool slightly."", ""Cut off top third of each puff; scoop out soft center from bases."", ""Cool bases and top on wire rack."", ""Fill  puffs with ice cream of your choice; cover with tops."", ""Freeze on baking sheets  until firm."", ""Transfer to an airtight container."", ""Freeze for up to 1 week."", ""Place puff on plates."", ""Let stand 15 minutes."", ""Top with sauce of your choice."")"
242,&quot;any&quot; Muffins,1530,Carole Reu,PT20M,PT20M,PT40M,1999-09-05T19:54:00Z,Make and share this &quot;any&quot; Muffins recipe from Food.com.,character(0),Quick Breads,"c(""Breads"", ""Healthy"", ""< 60 Mins"", ""Oven"")","c(""2 1/2"", ""1"", ""1/4"", ""1"", ""1/2"", ""2"", ""1/2"", ""1"")","c(""white flour"", ""milk"", ""egg"", ""sugar"", ""baking powder"", ""salt"", ""milk"")",5.0,15.0,198.1,6.4,3.2,28.0,183.7,30.3,0.7,8.4,4.5,12.0,,"c(""Bake 15 to 20 minutes in a 400 oven."", ""FOR THE MUFFINS: GRAIN:  Use 2 to 2 1/2 cup of white flour."", ""OR --"", ""substitute oatmeal,  cornmeal, whole wheat flour, rye flour, or flake cereal for 1 cup of the white  flour."", ""OR --"", ""substitute 1 cup leftover cooked oatmeal, rice or cornmeal for  1/2 cup of the white flour and decrease liquid to 1/2 cup."", ""MILK:  Use 1 cup."", ""OR --"", ""substitute buttermilk or sour milk."", ""Or substitute fruit juice for part  or all of the milk."", ""FAT:  Use 1/4 cup vegetable oil or 4 Tbsp melted butter or  margarine.  OR  substitute regular or crunch peanut butter for part or all of  the fat.  The fat can be reduced or omitted with fair results if using a \""wet  addition.\""  EGG:  Use 1 egg."", 
""OR --"", ""substitute 1 heaping Tbsp of soy flour and 1 Tbsp of water."", ""If using a cooked grain, separate the egg, add the yolk to the batter, beat white until stiff, and fold into the batter."", ""SWEETENER:  Use  between 2 Tbsp and 1/2 cup sugar."", ""OR --"", ""substitute up to 3/4 cup brown sugar."", ""OR -- substitute up to 1/2 cup honey or molasses and decrease milk to 3/4 cup."", ""BAKING POWDER:  Use 2 teaspoons."", ""If using whole or cooked grains or more than 1 cup  additions, increase to 3 teaspoons."", 
""If using buttermilk or sour milk, decrease to 1  tsp and add 1/2 tsp baking soda."", ""SALT:  Use 1/2 tsp, or omit if you have a  salt-restricted diet.  OPTIONAL INGREDIENTS: The following ingredients are optional."", ""Additions can be  used in any combination, up to 1 1/2 cups total."", ""If using more than 1 cup of  wet additions, decrease the milk to 1/2 cup."", ""DRY ADDITIONS:  Nuts, sunflower seeds, raisins, coconut, and so on."", ""MOIST ADDITONS:  Blueberries, chopped apple, shredded zucchini, shredded carrot, and so on."", 
""WET ADDITIONS:  Pumpkin puree, applesauce, mashed potato, mashed bananas, mashed carrot, and so on."", ""If using 1/2 cup drained canned fruit or thawed shredded  zucchini, substitute the syrup or zucchini liquid for all or part of the milk."", ""SPICES:  Use spices that complement the additions, such as 1 tsp cinnamon with 1/4 tsp nutmeg or cloves."", ""Try 2 tsp grated orange or lemon peel."", ""JELLIES AND JAM:  Fill cups half full with a plain batter."", ""Add 1 tsp jam or  jelly and top with 2 more Tbsp batter."", 
""NONSWEET COMBINATIONS:  Use only 2 Tbsp sugar and no fruit.  Add combinations of the following:  1/2 cup shredded cheese, 2 strips fried and crumbled bacon, 2  Tbsp grated onion, 1/2 cup shredded zucchini, 2 Tbsp Parmesan cheese.  Spices  could include parsley, marjoram, rosemary --"", ""ALENA KIBBLER'S ADDITIONS: Hawaiian Muffins:  Use 1/2 cup mashed banana, 1/2 cup drained crushed pineapple, and 1/2 cup flake coconut, and 1 Tbsp vanilla or rum flavoring."", ""Use the  pineapple juice instead of milk."", 
""Cherry Vanilla Chip Muffins:  3/4 cup pitted chopped cherries, 3/4 cup vanilla  chips, 1 tsp vanilla."", ""Elvis Muffins:  Use about 3/4 to 1 cup mashed banana, 1/2 cup chopped peanuts or walnuts (any nut).  And substitute 1/4 peanut butter for the oil."")"
248,Mustard Dill Sauce I,1554,Jacques Lorrain,,PT30M,PT30M,1999-09-05T20:06:00Z,Make and share this Mustard Dill Sauce I recipe from Food.com.,character(0),Low Protein,"""< 30 Mins""","c(""1/2"", ""6"", ""1/4"", ""2"", ""1/2"", ""6"")","c(""spicy brown mustard"", ""sugar"", ""distilled white vinegar"", ""dry mustard"", ""fresh dill"")",,,921.1,76.5,9.6,0.0,935.7,58.6,3.4,53.0,4.5,,1 1/2 cups,"c(""Whisk first 4 ingredients in bowl."", ""Gradually whisk in oil."", ""Stir in dill."", ""Cover and chill."")"
257,Stewed Jimmy Crabs,1730,Lintons Seafood,PT25M,PT1H,PT1H25M,1999-08-11T04:56:00Z,"This is a traditional watermen's meal, relished for its flavor and the respite it affords wives for picking crab meat. The eater, you see, does his own crab meat picking.  There is no etiquette, by the way, to the eating.  Just dig in.",character(0),Crab,"c(""Low Protein"", ""Low Cholesterol"", ""Healthy"", ""Weeknight"", ""< 4 Hours"")","c(""12 -15"", ""1"", ""4"", ""2"", ""1"", ""1/2"", ""1"", ""6 -8"")","c(""tap water"", ""bacon"", ""flour"", ""salt"", ""pepper"", ""onion"", ""potatoes"")",,,484.5,6.2,1.9,72.8,1146.8,82.2,10.2,4.9,26.0,,,"c(""Remove all traces of mud from crabs."", ""Pull off back shell and innards."", ""Set a 10 quart pot on the burner."", ""Lay 4 strips of bacon on the bottom of the pan and fry."", ""Set aside bacon."", ""To the bacon grease add 2 tablespoons of flour."", ""Brown the flour in the grease, then add 1 quart of water to the pot. Add the diced onion, the cleaned crabs, and the salt and pepper."", ""Cook over medium heat for 25 minutes, then add potatoes."", ""When potatoes are cooked through, remove the stew from the heat and serve hot. For hearty crab eaters, allow 4 crabs per serving.""
)"
262,Maryland Pavilion Crab Cakes,1730,Lintons Seafood,,PT40M,PT40M,1999-08-16T05:48:00Z,Make and share this Maryland Pavilion Crab Cakes recipe from Food.com.,character(0),Crab,"c(""Very Low Carbs"", ""< 60 Mins"")","c(""1"", ""2"", ""2"", ""1"", ""1"", ""1/4"", ""1/8"", ""1"", NA, NA)","c(""eggs"", ""mayonnaise"", ""parsley"", ""salt"", ""pepper"")",,1.0,106.8,3.7,0.8,95.0,788.7,1.4,0.0,0.4,16.0,6.0,,"c(""In a bowl, combine crab meat, eggs, mayonnaise, horseradish mustard,  chopped parsley, salt, pepper, and hot-pepper sauce. Mix lightly."", ""Separate  and form into 12 to 16 small cakes; do not pack firmly."", ""Roll crackers into  fine crumbs."", ""Pat the cracker crumbs lightly onto the crab cakes."", ""Heat oil  to a depth of about 1/4 inch in a large skillet, or heat the oil in a deep  fryer."", ""Fry crab cakes until golden brown, turning once. Drain on paper  toweling."", ""Serves 6."", ""\""This recipe came from the Maryland Pavilion at the 1964-65 New York  World's Fair.\""""
)"
272,Lemon Mint Lamb Chops,1543,Doreen Randal,,PT25M,PT25M,1999-09-12T06:15:00Z,Make and share this Lemon Mint Lamb Chops recipe from Food.com.,"""https://img.sndimg.com/food/image/upload/w_555,h_416,c_fit,fl_progressive,q_95/v1/img/recipes/27/2/picdjVM3b.jpg""",Lamb/Sheep,"c(""Meat"", ""Very Low Carbs"", ""< 30 Mins"")","c(""8"", ""2"", ""1"", ""1"", ""2"", ""1/2"", ""2"")","c(""lamb chops"", ""butter"", ""onion"", ""lemon"", ""lemon juice"", ""sugar"", ""mint"")",5.0,3.0,706.5,62.2,29.6,171.1,189.7,5.5,1.6,1.3,31.6,4.0,,"c(""Grill chops until tender."", ""While chops are under the grill, prepare the sauce:"", ""Melt butter in pan; add finely chopped onion, saute until tender."", ""Add lemon rind, lemon juice, sugar and mint, heat gently."", ""Spoon over hot chops."", ""Cheers, Doreen Doreen Randal, Wanganui, New Zealand."")"
277,Ouzo-Marinated Greek Cheese,1554,Jacques Lorrain,PT4H4M,PT45M,PT4H49M,1999-09-05T20:08:00Z,Make and share this Ouzo-Marinated Greek Cheese recipe from Food.com.,character(0),Cheese,"c(""Greek"", ""European"", ""Weeknight"", ""Broil/Grill"", ""Oven"")","c(""12"", ""1/2"", ""1/4"", ""1"", ""1"", ""1"", NA)","c(""kasseri cheese"", ""olive oil"", ""fresh parsley"", ""fresh thyme"", ""pepper"")",3.0,1.0,121.3,13.5,1.9,0.0,0.9,0.5,0.2,0.0,0.1,4.0,,"c(""Cut cheese lengthwise into four 1/2-inch thick pieces."", ""Arrange in single layer in shallow dish."", ""Mix ouzo, olive oil, parsley, thyme and pepper in small bowl."", ""Pour over cheese."", ""Marinate at least 4 hours and up to 8 hours, turning once."", ""Preheat broiler."", ""Remove cheese from marinade; transfer to 4 small broiler proof gratin dishes."", ""Drizzle 2 teaspoons marinade over each piece of cheese."", ""Broil until cheese is soft and just begins to melt, about 4 minutes."", ""Serve with bread."", 
""Notes: This starter is an easy version of the fried cheese dish, saganaki, which is traditionally paired with a glass of ouzo."", ""Serve with freshly grilled pita bread."")"
285,Thai Beef Salad,1601,Gilcat2,PT1H,PT30M,PT1H30M,1999-09-04T20:47:00Z,Make and share this Thai Beef Salad recipe from Food.com.,character(0),Meat,"c(""Thai"", ""Asian"", ""Weeknight"", ""< 4 Hours"")","c(""1"", ""1"", ""1"", ""3/4"", ""1/4"", ""3"", ""1"", ""1"", ""1"", ""2"", ""3"", ""1/4"", ""3"", ""2"")","c(""romaine lettuce"", ""red leaf lettuce"", ""Belgian endive"", ""fresh lime juice"", ""soy sauce"", ""beef"", ""brown sugar"", ""garlic cloves"", ""cilantro"", ""tomatoes"", ""green onions"")",4.5,3.0,1259.9,122.9,38.9,112.4,862.8,26.5,12.7,11.1,18.2,4.0,,"c(""Tear romaine lettuce, red leaf lettuce, and Belgian endive into bite-size pieces."", ""In small bowl, combine 2 tablespoons oil,  2 tablespoons lime juice, and 2 tablespoons soy sauce."", ""Add beef strips; stir; marinate at least 1 hour at room  temperature."", ""In food processor, combine 1/2 cup oil, 2 tablespoons lime juice, 1 tablespoon soy  sauce, ginger, brown sugar, garlic and jalapenos; puree."", ""Reserve marinade."", ""Stir-fry beef in 2 tablespoons oil until just browned."", ""Mix reserved marinade with  dressing."", 
""Top greens with beef."", ""Pour dressing into a wok; stir to heat; mix in beef juices."", ""Pour hot dressing over salad."", ""Add cilantro, tomatoes, and  green onions; toss."")"
291,Cauliflower and Potatoes,1612,JANIC412,PT15M,PT20M,PT35M,1999-08-25T05:33:00Z,Make and share this Cauliflower and Potatoes recipe from Food.com.,character(0),Potato,"c(""Cauliflower"", ""Vegetable"", ""Asian"", ""Indian"", ""Broil/Grill"", ""< 60 Mins"", ""Oven"", ""Stove Top"")","c(""3 -4"", ""1"", ""1 -2"", NA, ""2"", ""1"", NA, NA)","c(""cumin seed"", ""fresh ginger"", ""cauliflower"", ""potatoes"", ""garam masala"", ""salt"")",4.0,1.0,698.2,41.7,6.2,0.0,29.4,75.7,9.6,3.4,9.0,,1 batch,"c(""Put oil, cumin seed and ginger in a large frying pan and cook over medium heat 3 to 5 minutes."", ""Add cauliflower and potatoes."", ""Add some garam masala and red peppers and mix."", ""Cook over medium heat 7 to 10 minutes."", ""Cover and reduce heat to low. The steam should cook the vegetables. If it seems too dry, add a little water."")"
299,Apricot Salsa,1675,Jim Weller,PT10M,PT25M,PT35M,1999-09-07T00:18:00Z,Make and share this Apricot Salsa recipe from Food.com.,character(0),Sauces,"c(""Fruit"", ""Tex Mex"", ""Southwestern U.S."", ""Mexican"", ""Low Protein"", ""Low Cholesterol"", ""Healthy"", ""< 60 Mins"")","c(""1/2"", NA, ""1"", ""1"", ""1"", ""2"", ""2"", NA)","c(""red bell pepper"", ""olive oil"", ""onion"", ""tomatoes"", ""apricots"", ""dark rum"", ""apple cider"")",,,40.8,0.2,0.0,0.0,2.2,5.7,1.3,3.7,0.8,4.0,,"c(""Cut a red bell pepper in half; remove seeds; and roast half of it. (Brush with olive oil; put under broiler very close to heat until blackened, about 5 minutes). Chop."", ""Saute onion in about a tablespoon  of olive oil until translucent."", ""Add tomato and jalapeno; saute about another 5 minutes, until tomato is cooked."", ""Add apple cider to cover apricots and boil down until cider is almost all boiled off."", ""Add chopped roasted bell pepper; stir."", ""Add dark rum and flambe. (Light and swirl until flame goes out)."", 
""Serve hot over grilled shark, swordfish, shrimp, or marlin."")"
304,Twice-Baked Sweet Potatoes,1704,HELEN PEAGRAM_40951,PT1H40M,PT25M,PT2H5M,1999-09-15T03:57:00Z,Make and share this Twice-Baked Sweet Potatoes recipe from Food.com.,character(0),Potato,"c(""Vegetable"", ""Low Protein"", ""Low Cholesterol"", ""Healthy"", ""Weeknight"", ""Oven"", ""< 4 Hours"")","c(""1"", NA, ""6"", ""1/3"", ""1/4"", ""1/8"")","c(""head of garlic"", ""sweet potatoes"", ""sour cream"", ""salt"", ""pepper"")",4.5,5.0,144.0,2.6,1.5,6.6,179.5,28.2,4.0,5.9,2.6,6.0,,"c(""Remove outer covering from garlic but don't separate the cloves."", ""Wrap garlic in aluminum foil coated with cooking spray."", ""Place garlic and sweet potatoes on a baking sheet."", ""Bake at 400 degrees Fahrenheit for 1-1/4 hours."", ""Separate garlic cloves; squeeze to extract 2 teaspoons pulp."", ""Slice skin away from top of each potato and scoop out the pulp leaving   the shells intact."", ""Mash potato pulp with garlic, sour cream, salt and pepper."", ""Spoon into potato shells."", ""Bake 400 degrees Fahrenheit for 15 minutes or until heated.""
)"
314,Thai Citrus Chicken Salad,148316,- Carla -,,PT1H,PT1H,1999-09-13T03:56:00Z,This is a healthy and delicious summer salad.  Great for lunch while sitting out in the garden with a a nice cold glass of white wine. :),"""https://img.sndimg.com/food/image/upload/w_555,h_416,c_fit,fl_progressive,q_95/v1/img/recipes/31/4/picl6Emxi.jpg""",Chicken,"c(""Oranges"", ""Poultry"", ""Citrus"", ""Fruit"", ""Meat"", ""Asian"", ""Brunch"", ""< 60 Mins"")","c(""1"", ""1"", ""2"", ""1/4"", ""2"", ""1"", ""1"", ""2"", ""100"", ""1"", ""1"", ""2"", NA, NA, ""1/4"")","c(""garlic clove"", ""light soy sauce"", ""oranges"", ""lime"", ""brown sugar"", ""Chinese cabbage"", ""bean sprouts"", ""red onion"", ""orange"", ""fresh cilantro"", ""fresh cilantro"")",5.0,15.0,311.2,3.7,1.0,73.1,415.4,40.9,8.6,26.9,32.7,2.0,,"c(""DRESSING:"", ""Combine the ginger, garlic, soy sauce, rice wine vinegar, orange juice, lime juice, and brown sugar together."", ""Add salt and freshly ground pepper and taste for seasoning."", ""Refrigerate 1 hour to allow flavors to infuse."", ""SALAD:"", ""Combine the Chinese Cabbage, bean sprouts, sliced red onion and orange segments. (I like to drop everything in a large zip-lock bag)."", ""Toss with half of the dressing. (Again, if you use a zip-lock bag you can easily pour in half of the dressing, seal and fumble to mix dressing in with salad; place in the refrigerator until ready to use.)."", 
""Add the sliced chicken to a frying pan and brown lightly with a small amount of olive oil."", ""Add the remainder of the citrus dressing; bring to a boil; reduce for 30 seconds to allow mixture to thicken slightly."", ""Place Chinese cabbage mixture on two dinner plates."", ""Arrange sliced chicken on top and pour over the remaining sauce."", ""Top with freshly chopped cilantro."")"
319,Fish Chowder,47510,Dreamgoddess,PT25M,PT30M,PT55M,1999-09-10T19:07:00Z,"This is one of the recipes I adopted -- it's gotten 5 stars all around, so I won't change it, but I wouldn't use margarine or cooking oil -- I would use either light olive oil or unsalted butter.  I also might substitute half and half for the milk, to be a little decadent once in a while...","c(""https://img.sndimg.com/food/image/upload/w_555,h_416,c_fit,fl_progressive,q_95/v1/img/recipes/31/9/2ym1pt8Rme5VZDRZVF9G_chowder.JPG"", ""https://img.sndimg.com/food/image/upload/w_555,h_416,c_fit,fl_progressive,q_95/v1/img/recipes/31/9/VRX9ZmK7Sf62Y84IX2ka_image.jpg"", ""https://img.sndimg.com/food/image/upload/w_555,h_416,c_fit,fl_progressive,q_95/v1/img/recipes/31/9/UMiQ1gT8TeK9xtIrhrEM_IMG_0862.JPG"", ""https://img.sndimg.com/food/image/upload/w_555,h_416,c_fit,fl_progressive,q_95/v1/img/recipes/31/9/01462900765.jpeg"", 
""https://img.sndimg.com/food/image/upload/w_555,h_416,c_fit,fl_progressive,q_95/v1/img/recipes/31/9/mwBXqIsXTTiVH7a7otcC_fish_chowder_salad.jpg"", ""https://img.sndimg.com/food/image/upload/w_555,h_416,c_fit,fl_progressive,q_95/v1/img/recipes/31/9/vBLL0ckSG6ca8YIxvsJ5_chowder.JPG"", ""https://img.sndimg.com/food/image/upload/w_555,h_416,c_fit,fl_progressive,q_95/v1/img/recipes/31/9/AOL7OIg7T42yeWVmbpnn_chowder.JPG"", ""https://img.sndimg.com/food/image/upload/w_555,h_416,c_fit,fl_progressive,q_95/v1/img/recipes/31/9/picXr5HL6.jpg"", 
""https://img.sndimg.com/food/image/upload/w_555,h_416,c_fit,fl_progressive,q_95/v1/img/recipes/31/9/pic4YcL6n.jpg"", ""https://img.sndimg.com/food/image/upload/w_555,h_416,c_fit,fl_progressive,q_95/v1/img/recipes/31/9/picw6fYFY.jpg"", ""https://img.sndimg.com/food/image/upload/w_555,h_416,c_fit,fl_progressive,q_95/v1/img/recipes/31/9/picGDHucd.jpg"")",Chowders,"c(""Potato"", ""Vegetable"", ""Low Cholesterol"", ""< 60 Mins"")","c(""1"", ""2"", ""1"", ""1/2"", ""2"", ""1/2"", ""2"", ""1"", ""1/2"", ""1"")","c(""cod fish fillet"", ""margarine"", ""onion"", ""celery"", ""raw potatoes"", ""carrot"", ""boiling water"", ""salt"", ""pepper"", ""milk"")",5.0,66.0,261.0,8.8,2.8,57.4,769.5,20.7,2.8,2.7,24.4,4.0,,"c(""Cut cod fillets into bite sized pieces."", ""Melt margarine in large saucepan Cook  onion and celery until onion is tender and translucent. Add potatoes, carrots,  water, salt and pepper."", ""Cover and simmer 10 to 15 minutes until vegetables are  tender."", ""Add fish and cook 10 minutes longer."", ""Add milk."", ""Reheat, but do not boil."", ""Serves 4."", ""Serve hot, with freshly baked home made bread or rolls and butter."")"
328,Spicy Acorn Squash Soup,1545,Nancy Van Ess,PT45M,PT35M,PT1H20M,1999-09-03T19:24:00Z,Make and share this Spicy Acorn Squash Soup recipe from Food.com.,character(0),Low Protein,"c(""Low Cholesterol"", ""Spicy"", ""Weeknight"", ""< 4 Hours"")","c(""3"", ""1 1/2"", ""1/2"", ""3"", ""1/2"", ""3"", ""1/2"", ""1/4"", NA)","c(""low sodium chicken broth"", ""onions"", ""acorn squash"", ""salt"", ""water"", ""long-grain rice"", ""chunky peanut butter"", ""fresh parsley"")",4.0,3.0,156.7,5.4,1.0,0.0,248.6,23.2,2.4,2.4,6.1,7.0,7 servings (serving si,"c(""Place 1/4 cup chicken broth in a large saucepan; bring to a boil."", ""Add onion and  crushed red pepper; cook 5 minutes or until tender."", ""Add remaining 2-3/4 cups  broth, squash, salt, and water; bring to a boil."", ""Cover, reduce heat, and simmer  for 20 minutes."", ""Add rice; cover and simmer 20 minutes or until squash and rice  are tender."", ""Place peanut butter and half of soup in a blender; cover and process until  smooth."", ""Pour puree into a bowl."", ""Repeat with remaining soup, and add to bowl,  stirring well.""
)"
334,Brown Sugar Shortbread,1545,Nancy Van Ess,,PT50M,PT50M,1999-09-12T06:08:00Z,Make and share this Brown Sugar Shortbread recipe from Food.com.,"c(""https://img.sndimg.com/food/image/upload/w_555,h_416,c_fit,fl_progressive,q_95/v1/img/recipes/33/4/picgJ33Es.jpg"", ""https://img.sndimg.com/food/image/upload/w_555,h_416,c_fit,fl_progressive,q_95/v1/img/recipes/33/4/picx936Np.jpg"", ""https://img.sndimg.com/food/image/upload/w_555,h_416,c_fit,fl_progressive,q_95/v1/img/recipes/33/4/picqLrEG1.jpg"")",Bar Cookie,"c(""Dessert"", ""Cookie & Brownie"", ""Scottish"", ""European"", ""Christmas"", ""< 60 Mins"", ""For Large Groups"", ""Oven"", ""Easy"")","c(""1"", ""1/2"", ""2 1/4"")","c(""butter"", ""brown sugar"", ""flour"")",5.0,34.0,73.0,4.5,2.8,11.6,32.3,7.7,0.2,2.5,0.7,42.0,,"c(""In a mixing bowl, cream butter and brown sugar."", ""Gradually stir in the flour."", ""Turn onto  a lightly floured surface and knead until smooth, about 3 minutes."", ""Pat into a 1/3\""  thick rectangle measuring 11\"" x8\""."", ""Cut into 2\"" x1\"" strips."", ""Place 1\"" apart on ungreased cookie sheets."", ""Prick with a fork."", ""Bake at 300 degrees Fahrenheit for 25 minutes or until bottom begins to brown."", ""Cool for 5 minutes."", ""Remove to a wire rack to cool completely."")"
342,Country Fried Yellow Squash,125579,GrandmaIsCooking,,PT40M,PT40M,1999-08-18T04:03:00Z,"Adopted Recipe...I worked through all my adopted recipes and made changes to suit my tastes and cooking habits. I do not cook with bacon grease, so I changed the recipe from bacon grease to butter. (Note added 2/5/06).",character(0),Vegetable,"c(""Low Protein"", ""Free Of..."", ""< 60 Mins"")","c(""2 -3"", ""2"", ""2"", ""1"", ""1/2"", ""1"", ""1/4"")","c(""butter"", ""onions"", ""salt"", ""water"", ""sugar"")",5.0,4.0,67.7,5.4,3.3,15.9,325.4,4.5,0.8,3.6,1.2,8.0,1 batch,"c(""Wash tender yellow squash; remove stem and blossom ends."", ""Cut into 1/2-inch rounds."", ""Place squash, butter, onions and salt into heavy skillet."", ""Add water."", ""Cover and cook on medium low heat until water is absorbed and squash is tender."", ""Lightly mash with a fork."", ""Add sugar and cream."", ""Let it cook slowly until mixture is fairly dry and flavors develop, being careful not to let it scorch."")"
347,Roasted Tomato and Mint Salsa,1675,Jim Weller,PT30M,PT45M,PT1H15M,1999-09-07T00:18:00Z,Make and share this Roasted Tomato and Mint Salsa recipe from Food.com.,character(0),Sauces,"c(""Tex Mex"", ""Southwestern U.S."", ""Free Of..."", ""Weeknight"", ""Roast"", ""Oven"", ""< 4 Hours"")","c(""6"", ""1"", ""2"", ""3"", ""2"", ""1 1/2"", ""3 1/2"", ""1/2"", ""1/2"", ""1"")","c(""roma tomatoes"", ""garlic clove"", ""lime juice"", ""extra virgin olive oil"", ""cilantro"", ""spearmint"", ""lime zest"", ""orange zest"", ""salt"")",,,154.8,13.9,1.9,0.0,62.4,8.0,2.5,4.3,1.7,3.0,,"c(""With a comal or black iron skillet over medium-high heat, cook the tomatoes until blackened all over."", ""While still warm, pulse tomatoes with the garlic in a food processor until roughly chopped."", ""Cool to room temperature."", ""Add lime juice, olive oil, peppers, cilantro, spearmint, lime zest, orange zest, and salt."", ""Mix together and let stand at least 30 minutes before using."", ""Mark Miller writes: \""Ripe red tomatoes roasted on a hot steel comal until the skins blacken are a basic element of many Mexican salsas. The smoky flavor adds a complexity to the taste of ripe tomatoes.\"".""
)"
357,Fruit-Filled Acorn Squash,1545,Nancy Van Ess,PT20M,PT30M,PT50M,1999-09-08T10:43:00Z,Make and share this Fruit-Filled Acorn Squash recipe from Food.com.,character(0),Fruit,"c(""Vegetable"", ""Low Protein"", ""Low Cholesterol"", ""Healthy"", ""< 60 Mins"")","c(""1"", ""2"", ""1"", ""2"", ""1"", ""1"", ""1"")","c(""acorn squash"", ""raisins"", ""water"", ""salt"")",,,242.4,2.6,0.2,0.0,109.5,57.9,6.0,27.0,3.9,2.0,,"c(""Cut squash in half lengthwise; discard seeds and membrane."", ""Place squash, cut side down, in a vegetable steamer; arrange apricots around squash."", ""Place steamer over boiling water in a Dutch oven."", ""Cover and steam 15 minutes or  until squash is crisp-tender."", ""Coarsely chop apricots."", ""Combine chopped apricots, raisins, apricot preserves, water, and salt."", ""Spoon evenly into each squash half."", ""Cover and steam 5 minutes or until squash is  tender."", ""Sprinkle with toasted almonds."")"
363,Hawaiian Ham Salad,56112,Jellyqueen,,PT30M,PT30M,1999-09-13T03:56:00Z,Make and share this Hawaiian Ham Salad recipe from Food.com.,character(0),Pineapple,"c(""Pork"", ""Tropical Fruits"", ""Fruit"", ""Meat"", ""Hawaiian"", ""< 30 Mins"")","c(""2"", ""8"", ""2"", ""1/2"", ""1/4"", ""1"", ""1/4"")","c(""smoked ham"", ""pineapple chunks"", ""celery ribs"", ""black olives"", ""mayonnaise"", ""lemon juice"", ""peanuts"")",4.5,2.0,166.4,11.3,1.6,3.8,246.2,15.8,2.1,10.0,3.0,4.0,,"c(""Combine ham, pineapple, celery, and olives."", ""Mix"", ""mayonnaise and lemon juice; stir into ham mix."", ""Chill  at least an hour."", ""Stir in peanuts before serving."", ""-----"")"
371,Hazelnut Shortbread Cookies,1545,Nancy Van Ess,PT8H,PT35M,PT8H35M,1999-09-12T06:08:00Z,Make and share this Hazelnut Shortbread Cookies recipe from Food.com.,"c(""https://img.sndimg.com/food/image/upload/w_555,h_416,c_fit,fl_progressive,q_95/v1/img/recipes/37/1/picj3MWSO.jpg"", ""https://img.sndimg.com/food/image/upload/w_555,h_416,c_fit,fl_progressive,q_95/v1/img/recipes/37/1/picnMLfcO.jpg"")",Dessert,"c(""Cookie & Brownie"", ""Fruit"", ""Nuts"", ""Scottish"", ""European"", ""Christmas"", ""Weeknight"", ""For Large Groups"", ""Oven"", ""Easy"")","c(""2"", ""1"", ""1"", ""3/4"")","c(""flour"", ""hazelnuts"", ""butter"", ""light brown sugar"")",5.0,1.0,111.5,7.5,3.4,13.6,46.4,10.4,0.6,4.6,1.3,36.0,,"c(""Combine flour and hazelnuts."", ""In a large bowl, cream the butter and brown sugar."", ""Gradually blend in the dry ingredients."", ""Cover and chill for 8 hours or  overnight."", ""Preheat oven to 300 degrees Fahrenheit."", ""Lightly grease cookie sheets."", ""On a  floured surface, roll out the dough to a thickness of 1/4\""."", ""Using cookie  cutters, cut out the shapes and place on prepared cookie sheets 1-1/2\"" apart."", ""Bake for 20 to 25 minutes until lightly colored."", ""Transfer to wire racks to cool.""
)"
376,Yellow Squash Puffs,35526,riffraff,,PT25M,PT25M,1999-08-18T04:03:00Z,I have made this recipe a thousand times and we just love it.  It came up for adoption and I jumped on it.  Goes great with just about any main dish.,"""https://img.sndimg.com/food/image/upload/w_555,h_416,c_fit,fl_progressive,q_95/v1/img/recipes/37/6/pic2RoaTx.jpg""",Vegetable,"""< 30 Mins""","c(""1"", ""1"", ""1/3"", ""1/3"", ""1"", ""1/2"", ""1"", NA)","c(""egg"", ""all-purpose flour"", ""cornmeal"", ""baking powder"", ""salt"", ""onion"")",4.5,36.0,109.4,1.8,0.5,46.5,406.6,19.6,1.8,2.1,4.2,4.0,,"c(""Combine the cooked squash and egg, stirring well."", ""Combine flour, cornmeal, baking powder and salt, stir well."", ""Add squash mixture and onion; stir until blended."", ""Drop squash  mixture by level tablespoonful into hot oil."", ""Cook until golden  brown, turning once. Drain well on paper towels."")"
384,Iced Mochaccino Smoothie,1737,Teddi2,,PT10M,PT10M,1999-08-30T13:58:00Z,Make and share this Iced Mochaccino Smoothie recipe from Food.com.,"c(""https://img.sndimg.com/food/image/upload/w_555,h_416,c_fit,fl_progressive,q_95/v1/img/recipes/38/4/picOGSTjU.jpg"", ""https://img.sndimg.com/food/image/upload/w_555,h_416,c_fit,fl_progressive,q_95/v1/img/recipes/38/4/piczr25GY.jpg"")",Smoothies,"c(""Beverages"", ""Low Protein"", ""< 15 Mins"", ""Easy"")","c(""1"", ""6"", ""1"", ""1/2"", ""1"", ""1/4"", NA)","c(""sugar"", ""milk"", ""vanilla ice cream"", ""frozen yogurt"", ""heavy cream"", ""cinnamon"", ""cocoa powder"")",5.0,2.0,508.8,26.4,15.5,82.1,308.9,62.1,2.1,40.2,7.8,2.0,,"c(""Place the espresso, chocolate syrup, sugar and milk in a blender and blend to combine."", ""Add the ice cream and blend until smooth."", ""Pour the mixture into two chilled glasses and top each with whipped cream and chocolate curls, or a dusting of cinnamon or cocoa."")"
391,Moist Carrot and Raisin Walnut Loaf,1543,Doreen Randal,PT1H20M,PT45M,PT2H5M,1999-09-08T15:16:00Z,Make and share this Moist Carrot and Raisin Walnut Loaf recipe from Food.com.,character(0),Dessert,"c(""Fruit"", ""Nuts"", ""Weeknight"", ""Oven"", ""< 4 Hours"")","c(""125"", ""3/4"", ""1"", ""2"", ""2"", ""2"", ""1"", ""1"", ""1 1/2"", ""1/2"", ""1/2"")","c(""butter"", ""caster sugar"", ""vanilla"", ""golden syrup"", ""eggs"", ""carrots"", ""raisins"", ""walnuts"", ""self raising flour"", ""nutmeg"", ""cinnamon"")",,,312.2,15.8,6.2,53.3,104.8,40.4,2.2,22.0,4.8,12.0,,"c(""Grease a loaf tin and line the base."", ""Cream butter, sugar and vanilla."", ""Beat in golden syrup."", ""Add eggs one at a time; beat until well combined."", ""Stir in carrot, raisins and walnuts."", ""(Don't worry if the mixture looks curdled; it will come out right when the flour is added.)"", ""Stir in sifted dry ingredients; stir until combined."", ""Pour mixture into prepared pan."", ""Bake in moderate oven about 1-1/4 hours."", ""Let stand about 5 minutes before turning out onto a wire rack."")"
